{
  "project_info": {
    "project_number": "79980845652",
    "project_id": "textrecognition-57d72",
    "storage_bucket": "textrecognition-57d72.appspot.com"
  },
  "client": [
    {
      "client_info": {
        "mobilesdk_app_id": "1:79980845652:android:126c83893fcd9a2c752bc1",
        "android_client_info": {
          "package_name": "com.example.textonimagerecognition"
        }
      },
      "oauth_client": [
        {
          "client_id": "79980845652-e3ksnte9lav4mqpf8tf67t3m1k66tmck.apps.googleusercontent.com",
          "client_type": 3
        }
      ],
      "api_key": [
        {
          "current_key": "AIzaSyAkyLeTrp-_4JtLy9BvnHBb957yI89v2gI"
        }
      ],
      "services": {
        "appinvite_service": {
          "other_platform_oauth_client": [
            {
              "client_id": "79980845652-e3ksnte9lav4mqpf8tf67t3m1k66tmck.apps.googleusercontent.com",
              "client_type": 3
            }
          ]
        }
      }
    }
  ],
  "configuration_version": "1"
}